client,people,id
Alchemy,15,108
Alchemy,15,115
Alchemy,15,46
Alchemy,15,73
Alchemy,15,112
Alchemy,15,22
Alchemy,15,96
Alchemy,15,17
Alchemy,15,45
Alchemy,15,70
Alchemy,15,17
Alchemy,15,96
Alchemy,15,97
Alchemy,15,45
Alchemy,15,8
COP26 Summit,20,109
COP26 Summit,20,35
COP26 Summit,20,33
COP26 Summit,20,76
COP26 Summit,20,111
COP26 Summit,20,96
COP26 Summit,20,48
COP26 Summit,20,27
COP26 Summit,20,9
COP26 Summit,20,98
COP26 Summit,20,18
COP26 Summit,20,34
COP26 Summit,20,33
COP26 Summit,20,47
COP26 Summit,20,64
COP26 Summit,20,7
COP26 Summit,20,24
COP26 Summit,20,9
COP26 Summit,20,19
COP26 Summit,20,69
CentreOps,15,6
CentreOps,15,29
CentreOps,15,44
CentreOps,15,53
CentreOps,15,58
CentreOps,15,96
CentreOps,15,61
CentreOps,15,37
CentreOps,15,20
CentreOps,15,45
CentreOps,15,3
CentreOps,15,96
CentreOps,15,2
CentreOps,15,97
CentreOps,15,47
Ceres,40,76
Ceres,40,56
Ceres,40,28
Ceres,40,52
Ceres,40,104
Ceres,40,89
Ceres,40,90
Ceres,40,51
Ceres,40,66
Ceres,40,110
Ceres,40,105
Ceres,40,33
Ceres,40,58
Ceres,40,101
Ceres,40,49
Ceres,40,76
Ceres,40,29
Ceres,40,69
Ceres,40,2
Ceres,40,14
Ceres,40,49
Ceres,40,23
Ceres,40,15
Ceres,40,67
Ceres,40,20
Ceres,40,74
Ceres,40,21
Ceres,40,107
Ceres,40,111
Ceres,40,43
Ceres,40,106
Ceres,40,37
Ceres,40,82
Ceres,40,47
Ceres,40,50
Ceres,40,39
Ceres,40,62
Ceres,40,102
Ceres,40,34
Ceres,40,111
Cerus,10,76
Cerus,10,27
Cerus,10,58
Cerus,10,70
Cerus,10,31
Cerus,10,112
Cerus,10,104
Cerus,10,13
Cerus,10,20
Cerus,10,117
Client Visit,20,101
Client Visit,20,48
Client Visit,20,16
Client Visit,20,37
Client Visit,20,89
Client Visit,20,65
Client Visit,20,8
Client Visit,20,74
Client Visit,20,39
Client Visit,20,113
Client Visit,20,112
Client Visit,20,59
Client Visit,20,64
Client Visit,20,44
Client Visit,20,5
Client Visit,20,114
Client Visit,20,71
Client Visit,20,75
Client Visit,20,88
Client Visit,20,75
ConnectNow,30,36
ConnectNow,30,100
ConnectNow,30,43
ConnectNow,30,48
ConnectNow,30,68
ConnectNow,30,107
ConnectNow,30,23
ConnectNow,30,89
ConnectNow,30,71
ConnectNow,30,59
ConnectNow,30,84
ConnectNow,30,79
ConnectNow,30,46
ConnectNow,30,22
ConnectNow,30,75
ConnectNow,30,83
ConnectNow,30,91
ConnectNow,30,36
ConnectNow,30,34
ConnectNow,30,7
ConnectNow,30,41
ConnectNow,30,44
ConnectNow,30,51
ConnectNow,30,47
ConnectNow,30,94
ConnectNow,30,44
ConnectNow,30,69
ConnectNow,30,88
ConnectNow,30,119
ConnectNow,30,4
Destiny,14,55
Destiny,14,46
Destiny,14,31
Destiny,14,24
Destiny,14,113
Destiny,14,40
Destiny,14,6
Destiny,14,5
Destiny,14,23
Destiny,14,26
Destiny,14,64
Destiny,14,65
Destiny,14,53
Destiny,14,21
Endeavour,35,69
Endeavour,35,35
Endeavour,35,120
Endeavour,35,17
Endeavour,35,114
Endeavour,35,41
Endeavour,35,30
Endeavour,35,14
Endeavour,35,68
Endeavour,35,47
Endeavour,35,75
Endeavour,35,90
Endeavour,35,120
Endeavour,35,76
Endeavour,35,69
Endeavour,35,48
Endeavour,35,67
Endeavour,35,29
Endeavour,35,38
Endeavour,35,92
Endeavour,35,66
Endeavour,35,4
Endeavour,35,103
Endeavour,35,113
Endeavour,35,99
Endeavour,35,118
Endeavour,35,62
Endeavour,35,55
Endeavour,35,111
Endeavour,35,104
Endeavour,35,79
Endeavour,35,33
Endeavour,35,30
Endeavour,35,58
Endeavour,35,71
Florio,16,96
Florio,16,94
Florio,16,48
Florio,16,59
Florio,16,56
Florio,16,74
Florio,16,53
Florio,16,99
Florio,16,58
Florio,16,41
Florio,16,64
Florio,16,120
Florio,16,40
Florio,16,107
Florio,16,40
Florio,16,12
Forward,40,103
Forward,40,61
Forward,40,72
Forward,40,7
Forward,40,6
Forward,40,30
Forward,40,55
Forward,40,24
Forward,40,51
Forward,40,118
Forward,40,95
Forward,40,74
Forward,40,109
Forward,40,34
Forward,40,23
Forward,40,17
Forward,40,8
Forward,40,29
Forward,40,28
Forward,40,48
Forward,40,49
Forward,40,36
Forward,40,59
Forward,40,45
Forward,40,111
Forward,40,97
Forward,40,76
Forward,40,113
Forward,40,80
Forward,40,5
Forward,40,98
Forward,40,10
Forward,40,26
Forward,40,5
Forward,40,26
Forward,40,97
Forward,40,80
Forward,40,3
Forward,40,112
Forward,40,102
Foxglove,25,23
Foxglove,25,54
Foxglove,25,47
Foxglove,25,47
Foxglove,25,37
Foxglove,25,82
Foxglove,25,119
Foxglove,25,5
Foxglove,25,2
Foxglove,25,107
Foxglove,25,15
Foxglove,25,58
Foxglove,25,6
Foxglove,25,101
Foxglove,25,71
Foxglove,25,6
Foxglove,25,99
Foxglove,25,90
Foxglove,25,69
Foxglove,25,26
Foxglove,25,3
Foxglove,25,72
Foxglove,25,79
Foxglove,25,71
Foxglove,25,35
Godzilla,30,69
Godzilla,30,55
Godzilla,30,93
Godzilla,30,7
Godzilla,30,48
Godzilla,30,72
Godzilla,30,42
Godzilla,30,120
Godzilla,30,105
Godzilla,30,76
Godzilla,30,4
Godzilla,30,95
Godzilla,30,24
Godzilla,30,23
Godzilla,30,84
Godzilla,30,104
Godzilla,30,95
Godzilla,30,61
Godzilla,30,25
Godzilla,30,11
Godzilla,30,18
Godzilla,30,84
Godzilla,30,37
Godzilla,30,2
Godzilla,30,117
Godzilla,30,17
Godzilla,30,84
Godzilla,30,18
Godzilla,30,14
Godzilla,30,79
Julia Burnett,6,58
Julia Burnett,6,119
Julia Burnett,6,101
Julia Burnett,6,5
Julia Burnett,6,100
Julia Burnett,6,74
Koru,40,108
Koru,40,27
Koru,40,116
Koru,40,120
Koru,40,111
Koru,40,39
Koru,40,17
Koru,40,93
Koru,40,115
Koru,40,99
Koru,40,60
Koru,40,14
Koru,40,19
Koru,40,16
Koru,40,58
Koru,40,63
Koru,40,77
Koru,40,103
Koru,40,56
Koru,40,21
Koru,40,29
Koru,40,60
Koru,40,61
Koru,40,82
Koru,40,117
Koru,40,43
Koru,40,57
Koru,40,28
Koru,40,107
Koru,40,94
Koru,40,38
Koru,40,79
Koru,40,27
Koru,40,82
Koru,40,114
Koru,40,83
Koru,40,32
Koru,40,8
Koru,40,95
Koru,40,58
Ortus,18,30
Ortus,18,41
Ortus,18,50
Ortus,18,79
Ortus,18,3
Ortus,18,107
Ortus,18,52
Ortus,18,31
Ortus,18,87
Ortus,18,84
Ortus,18,70
Ortus,18,41
Ortus,18,114
Ortus,18,39
Ortus,18,38
Ortus,18,13
Ortus,18,18
Ortus,18,1
Oryx,17,51
Oryx,17,43
Oryx,17,34
Oryx,17,61
Oryx,17,80
Oryx,17,93
Oryx,17,102
Oryx,17,59
Oryx,17,65
Oryx,17,48
Oryx,17,65
Oryx,17,8
Oryx,17,85
Oryx,17,63
Oryx,17,1
Oryx,17,72
Oryx,17,25
Owl,35,109
Owl,35,109
Owl,35,43
Owl,35,38
Owl,35,88
Owl,35,17
Owl,35,117
Owl,35,105
Owl,35,2
Owl,35,15
Owl,35,27
Owl,35,36
Owl,35,8
Owl,35,89
Owl,35,116
Owl,35,36
Owl,35,81
Owl,35,50
Owl,35,6
Owl,35,16
Owl,35,70
Owl,35,65
Owl,35,57
Owl,35,12
Owl,35,108
Owl,35,120
Owl,35,106
Owl,35,11
Owl,35,61
Owl,35,94
Owl,35,59
Owl,35,12
Owl,35,9
Owl,35,62
Owl,35,92
PGC Committee,16,39
PGC Committee,16,32
PGC Committee,16,67
PGC Committee,16,37
PGC Committee,16,13
PGC Committee,16,58
PGC Committee,16,98
PGC Committee,16,12
PGC Committee,16,93
PGC Committee,16,87
PGC Committee,16,117
PGC Committee,16,20
PGC Committee,16,95
PGC Committee,16,49
PGC Committee,16,50
PGC Committee,16,20
Partner Meeting,15,57
Partner Meeting,15,39
Partner Meeting,15,23
Partner Meeting,15,22
Partner Meeting,15,70
Partner Meeting,15,80
Partner Meeting,15,119
Partner Meeting,15,87
Partner Meeting,15,56
Partner Meeting,15,77
Partner Meeting,15,87
Partner Meeting,15,56
Partner Meeting,15,72
Partner Meeting,15,113
Partner Meeting,15,28
Pluto,12,111
Pluto,12,94
Pluto,12,5
Pluto,12,12
Pluto,12,97
Pluto,12,20
Pluto,12,79
Pluto,12,42
Pluto,12,82
Pluto,12,10
Pluto,12,25
Pluto,12,17
SmartCycle,20,28
SmartCycle,20,11
SmartCycle,20,69
SmartCycle,20,61
SmartCycle,20,14
SmartCycle,20,113
SmartCycle,20,20
SmartCycle,20,42
SmartCycle,20,37
SmartCycle,20,120
SmartCycle,20,64
SmartCycle,20,104
SmartCycle,20,99
SmartCycle,20,86
SmartCycle,20,34
SmartCycle,20,24
SmartCycle,20,49
SmartCycle,20,68
SmartCycle,20,94
SmartCycle,20,83
WESA,40,54
WESA,40,2
WESA,40,98
WESA,40,93
WESA,40,54
WESA,40,9
WESA,40,58
WESA,40,109
WESA,40,48
WESA,40,102
WESA,40,14
WESA,40,45
WESA,40,103
WESA,40,104
WESA,40,26
WESA,40,39
WESA,40,109
WESA,40,32
WESA,40,117
WESA,40,1
WESA,40,41
WESA,40,101
WESA,40,63
WESA,40,84
WESA,40,39
WESA,40,11
WESA,40,86
WESA,40,24
WESA,40,94
WESA,40,35
WESA,40,49
WESA,40,39
WESA,40,67
WESA,40,68
WESA,40,56
WESA,40,28
WESA,40,91
WESA,40,13
WESA,40,118
WESA,40,53
